{
  "type": "minecraft:block",
  "pools": [
    {
      "rolls": 1,
      "entries": [
        {
          "type": "minecraft:item",
          "name": "charcoal",
          "conditions": [
            {
              "condition": "minecraft:match_tool",
              "predicate": {
                "nbt": "{name:\"smelt\"}"
              }
            }
          ]
        },
        {
          "type": "minecraft:item",
          "name": "acacia_wood",
          "conditions": [
            {
              "condition": "minecraft:inverted",
              "term": {
                "condition": "minecraft:match_tool",
                "predicate": {
                  "nbt": "{name:\"smelt\"}"
                }
              }
            }
          ]
        }
      ]
    }
  ]
}