{
  "pools": [
    {
      "rolls": 1,
      "entries": [
        {
          "type": "minecraft:item",
          "name": "minecraft:terracotta",
          "conditions": [
            {
              "condition": "minecraft:match_tool",
              "predicate": {
                "nbt": "{name:\"smelt\"}"
              }
            }
          ]
        },
        {
          "type": "minecraft:item",
          "name": "clay",
          "conditions": [
            {
              "condition": "minecraft:match_tool",
              "predicate": {
                "enchantments": [
                  {
                    "enchantment": "minecraft:silk_touch"
                  }
                ]
              }
            }
          ]
        },
        {
          "type": "minecraft:item",
          "name": "clay_ball",
          "functions": [
            {
              "function": "minecraft:set_count",
              "count": 4
            }
          ],
          "conditions": [
            {
              "condition": "minecraft:inverted",
              "term": {
                "condition": "minecraft:match_tool",
                "predicate": {
                  "enchantments": [
                    {
                      "enchantment": "minecraft:silk_touch"
                    }
                  ]
                }
              }
            },
            {
              "condition": "minecraft:inverted",
              "term": {
                "condition": "minecraft:match_tool",
                "predicate": {
                  "nbt": "{name:\"smelt\"}"
                }
              }
            }
          ]
        }
      ]
    }
  ]
}